<?xml version="1.0" encoding="UTF-8"?>
<Configuration status="INFO">
    <Appenders>
        <Console name="Console" target="SYSTEM_OUT">
            <PatternLayout pattern="%d{yyyy-MM-dd HH:mm:ss.SSS} %-5level %pid [%t] %logger{36} - %msg%n"/>
        </Console>

        <RollingFile name="File"
                     fileName="application.log"
                     filePattern="application.%d{yyyy-MM-dd.HH'h'}.%i.log.gz"
                     ignoreExceptions="false">
            <PatternLayout pattern="%d{HH:mm:ss.SSS} [%t] %-5level %logger{36} - %msg%n"/>
            <Policies>
                <OnStartupTriggeringPolicy />
                <SizeBasedTriggeringPolicy size="10MB"/>
                <TimeBasedTriggeringPolicy interval="1" />
            </Policies>
            <DefaultRolloverStrategy max="20"/>
        </RollingFile>
    </Appenders>

    <Loggers>
        <!-- Logger name="com.mypackage" level="DEBUG" />
            <AppenderRef ref="MyAppender"/>
        </Logger -->

        <Logger name="org.apache.hc.client5.http.wire" level="INFO" />
        <Logger name="org.apache.hc.client5.http" level="INFO" />

        <Logger name="com.vaarshika.EMS" level="DEBUG" />

        <Root level="INFO" additivity="false" includeLocation="true">
            <AppenderRef ref="Console"/>
            <AppenderRef ref="File"/>
        </Root>
    </Loggers>
</Configuration>
